OBJECTID,MASTER_CDF,SUBSTATION_NAME,OPERATING_VOLTAGE,FEEDER_SN_RATING_AMPS,PEAK_AMPS_CURRENT_YEAR,PEAK_AMPS_LAST_YEAR,PCT_RATING_CURRENT_YEAR,PCT_RATING_LAST_YEAR
81,36_01_16261,162 STATION 162,4.159999847412109,266,50,50,18.8,18.8
82,36_01_16262,162 STATION 162,4.159999847412109,266,50,50,18.8,18.8
83,36_01_16263,162 STATION 162,4.159999847412109,266,50,50,18.8,18.8
84,36_01_20552,205 ERIE DRIVE,13.199999809265137,313,40.33000183105469,60,12.88,19.17
217,36_01_2961,29 POTOMAC,4.159999847412109,300,33,0.019999999552965164,11,0.01
239,36_01_3067,30 SPILLMAN,4.159999847412109,266,100,66.66666412353516,37.59,25.06
280,36_01_3471,34 BEST ST.,4.159999847412109,256,165,127.43000030517578,64.45,49.78
309,36_01_3767,37 HUDSON AVE,4.159999847412109,300,94,15.683333396911621,31.33,5.23
360,36_01_4169,41 STATION 41,4.159999847412109,247,13,9.083333015441895,5.26,3.68
395,36_01_4664,46 STATION 46,4.159999847412109,252,14.329999923706055,13.976666450500488,5.69,5.55
416,36_01_4871,48 GELSTON,4.159999847412109,300,0,0,0,0
418,36_01_4894,48 GELSTON,4.159999847412109,300,104,123,34.67,41
425,36_01_4969,49 BEST,4.159999847412109,307,6.670000076293945,6.610000133514404,2.17,2.15
575,36_03_21550,BUFF AVE STA,13.199999809265137,450,60,69,13.33,15.33
582,36_03_21557,BUFF AVE STA,13.199999809265137,290,238.3300018310547,234,82.18,80.69
650,36_03_9752,97 SUMMIT PARK,13.199999809265137,413,4,4,0.97,0.97
923,36_11_151155,COLLAMER CROSSING,13.199999809265137,422,81.66999816894531,81.839996337890625,19.35,19.39
954,36_11_22340,ASH ST. SUB,12.470000267028809,257,141,140.76666259765625,54.86,54.77
955,36_11_22341,ASH ST. SUB,12.470000267028809,304,159.6699981689453,159.65333557128906,52.52,52.52
956,36_11_22342,ASH ST. SUB,12.470000267028809,276,90.33000183105469,90.27666473388672,32.73,32.71
957,36_11_22343,ASH ST. SUB,12.470000267028809,281,110.33000183105469,110.05333709716797,39.26,39.16
958,36_11_22344,ASH ST. SUB,12.470000267028809,308,98.33000183105469,98.23332977294922,31.93,31.89
959,36_11_22345,ASH ST. SUB,12.470000267028809,253,132,131.93666076660156,52.17,52.15
960,36_11_22346,ASH ST. SUB,12.470000267028809,303,114,114.17333221435547,37.62,37.68
961,36_11_22347,ASH ST. SUB,12.470000267028809,330,105,105.23666381835938,31.82,31.89
962,36_11_22348,ASH ST. SUB,12.470000267028809,257,125.33000183105469,125.41000366210938,48.77,48.8
963,36_11_22349,ASH ST. SUB,12.470000267028809,247,173.6699981689453,173.6266632080078,70.31,70.29
966,36_11_22352,ASH ST. SUB,13.199999809265137,308,9.670000076293945,9.670000076293945,3.14,3.14
968,36_11_22354,ASH ST. SUB,13.199999809265137,311,207.3300018310547,207.3300018310547,66.67,66.67
969,36_11_22355,ASH ST. SUB,13.199999809265137,320,99,98.9566650390625,30.94,30.92
973,36_11_22359,ASH ST. SUB,13.199999809265137,376,234.3300018310547,234.3300018310547,62.32,62.32
986,36_11_24340,TEMPLE ST.,13.199999809265137,458,215,215,46.94,46.94
987,36_11_24341,TEMPLE ST.,13.199999809265137,495,25.670000076293945,25.84666633605957,5.19,5.22
988,36_11_24342,TEMPLE ST.,13.199999809265137,245,151.3300018310547,151.3300018310547,61.77,61.77
994,36_11_24348,TEMPLE ST.,13.199999809265137,253,41.66999816894531,41.83333206176758,16.47,16.53
995,36_11_24349,TEMPLE ST.,13.199999809265137,244,144.6699981689453,144.76666259765625,59.29,59.33
996,36_11_24350,TEMPLE ST.,13.199999809265137,295,119.66999816894531,119.47666931152344,40.57,40.5
998,36_11_24352,TEMPLE ST.,13.199999809265137,430,322,40.856666564941406,74.88,9.5
999,36_11_24353,TEMPLE ST.,13.199999809265137,322,126.33000183105469,125.93333435058594,39.23,39.11
1000,36_11_24354,TEMPLE ST.,13.199999809265137,272,140,0,51.47,0
1002,36_11_24356,TEMPLE ST.,13.199999809265137,313,58.33000183105469,58.29999923706055,18.64,18.63
1003,36_11_24357,TEMPLE ST.,13.199999809265137,305,77.33000183105469,77.0633316040039,25.35,25.27
1004,36_11_24358,TEMPLE ST.,13.199999809265137,324,32,0,9.88,0
1005,36_11_24359,TEMPLE ST.,13.199999809265137,229,75.33000183105469,75.33000183105469,32.9,32.9
1095,36_11_29756,LYSANDER,13.199999809265137,355,124.66999816894531,124.66999816894531,35.12,35.12
1096,36_11_29757,LYSANDER,13.199999809265137,390,122.33000183105469,122.61666870117188,31.37,31.44
1155,36_13_74860,MILL ST.,4.800000190734863,271,68.33000183105469,68.5199966430664,25.21,25.28
1160,36_13_74871,MILL ST.,4.800000190734863,285,99.33000183105469,99.56666564941406,34.85,34.94
1161,36_13_74872,MILL ST.,4.800000190734863,258,63.66999816894531,63.89666748046875,24.68,24.77
1162,36_13_74873,MILL ST.,4.800000190734863,239,106.33000183105469,106.3499984741211,44.49,44.5
1163,36_13_74874,MILL ST.,4.800000190734863,239,61.33000183105469,61.39666748046875,25.66,25.69
1259,36_17_65144,TERMINA,13.199999809265137,351,84,82.56999969482422,23.93,23.52
1260,36_17_65145,TERMINA,13.199999809265137,353,80.33000183105469,62.753334045410156,22.76,17.78
1261,36_17_65146,TERMINA,13.199999809265137,358,102,73.013336181640625,28.49,20.39
1262,36_17_65147,TERMINA,13.199999809265137,327,87,72.91666412353516,26.61,22.3
1506,36_30_16406,TRINITY,13.199999809265137,318,176,156.24000549316406,55.35,49.13
1507,36_30_16408,TRINITY,13.199999809265137,453,93,130.18333435058594,20.53,28.74
1508,36_30_16410,TRINITY,13.199999809265137,434,162,152.22000122070312,37.33,35.07
1518,36_30_16457,TRINITY,13.199999809265137,453,239.3300018310547,266.5833435058594,52.83,58.85
1541,36_30_28801,RIVERSIDE,13.199999809265137,314,119,109.19999694824219,37.9,34.78
1542,36_30_28802,RIVERSIDE,13.199999809265137,364,79,83.94999694824219,21.7,23.06
1543,36_30_28805,RIVERSIDE,13.199999809265137,314,99,117.65666961669922,31.53,37.47
1544,36_30_28807,RIVERSIDE,13.199999809265137,314,91,85.26667022705078,28.98,27.15
1545,36_30_28811,RIVERSIDE,13.199999809265137,314,99,112.06999969482422,31.53,35.69
1546,36_30_28812,RIVERSIDE,13.199999809265137,329,101,100.70999908447266,30.7,30.61
1547,36_30_28815,RIVERSIDE,13.199999809265137,329,101,103.7699966430664,30.7,31.54
1592,36_30_34455,WOLF RD.,13.199999809265137,357,104.33000183105469,112.29666900634766,29.22,31.46
1618,36_30_44651,JUNIPER,13.199999809265137,142,21,26.623332977294922,14.79,18.75
1635,36_31_09411,LIBERTY,13.199999809265137,199,45,41,22.61,20.6
1636,36_31_09425,LIBERTY,4.159999847412109,318,139,158,43.71,49.69
1637,36_31_09427,LIBERTY,4.159999847412109,267,130,156,48.69,58.43
1638,36_31_09431,LIBERTY,4.159999847412109,314,117,132,37.26,42.04
1639,36_31_09432,LIBERTY,4.159999847412109,267,97,124,36.33,46.44
1640,36_31_09442,LIBERTY,4.159999847412109,267,123,147,46.07,55.06
1641,36_31_09444,LIBERTY,4.159999847412109,264,124,148,46.97,56.06
1645,36_31_09456,LIBERTY,4.159999847412109,267,194,194,72.66,72.66
1654,36_31_24482,SEVENTH AVE,4.159999847412109,328,60.66999816894531,66.66666412353516,18.5,20.33
1672,36_31_33451,REYNOLDS RD,13.199999809265137,387,114,120.66666412353516,29.46,31.18
1746,36_32_36052,FRONT ST,13.199999809265137,440,125.33000183105469,121.48999786376953,28.48,27.61
1772,36_32_FRONT N-2,FRONT ST,13.199999809265137,374,86.5999984741211,86.5999984741211,23.16,23.16
1773,36_32_FRONT N-3,FRONT ST,13.199999809265137,374,86.5999984741211,86.5999984741211,23.16,23.16
1774,36_32_FRONT N-6,FRONT ST,13.199999809265137,374,86.5999984741211,86.5999984741211,23.16,23.16
1775,36_32_FRONT N-7,FRONT ST,13.199999809265137,374,86.5999984741211,86.5999984741211,23.16,23.16
1776,36_32_FRONT N-8,FRONT ST,13.199999809265137,374,86.5999984741211,86.5999984741211,23.16,23.16
1868,36_38_07505,GLENS FALLS,4.159999847412109,224,23,30.66666603088379,10.27,13.69
1870,36_38_07507,GLENS FALLS,4.159999847412109,224,54.66999816894531,73.66666412353516,24.41,32.89
1887,36_38_31638,HENRY STREET,4.159999847412109,381,96,96,25.2,25.2
